{"cameraMode":{"drawMode":0,"name":"Shaded","section":"Shading Mode"},"sceneLighting":true,"audioPlay":false,"sceneViewState":{"showFog":true,"showMaterialUpdate":true,"showSkybox":true,"showFlares":true,"showImageEffects":true,"showParticleSystems":true},"in2DMode":false,"pivot":{"x":3.8666059970855715,"y":14.270776748657227,"z":-0.1845703125},"rotation":{"x":0.00419013574719429,"y":-0.00840327050536871,"z":-0.00003521875987644307,"w":-0.9999632835388184},"size":85.48721313476563,"orthographic":false}