{"cameraMode":{"drawMode":0,"name":"Shaded","section":"Shading Mode"},"sceneLighting":true,"audioPlay":false,"sceneViewState":{"showFog":true,"showMaterialUpdate":true,"showSkybox":true,"showFlares":true,"showImageEffects":true,"showParticleSystems":true},"in2DMode":false,"pivot":{"x":-3.1853885650634767,"y":31.895214080810548,"z":8.489423751831055},"rotation":{"x":-0.09410061687231064,"y":0.2660295069217682,"z":-0.026103748008608819,"w":-0.9590079188346863},"size":129.41793823242188,"orthographic":false}