{"cameraMode":{"drawMode":0,"name":"Shaded","section":"Shading Mode"},"sceneLighting":true,"audioPlay":false,"sceneViewState":{"showFog":true,"showMaterialUpdate":true,"showSkybox":true,"showFlares":true,"showImageEffects":true,"showParticleSystems":true},"in2DMode":false,"pivot":{"x":4.565488815307617,"y":4.685000419616699,"z":3.849609375},"rotation":{"x":0.04315010830760002,"y":-0.03536323830485344,"z":-0.0015283344546332956,"w":-0.99844890832901},"size":31.808029174804689,"orthographic":false}