{"cameraMode":{"drawMode":0,"name":"Shaded","section":"Shading Mode"},"sceneLighting":true,"audioPlay":false,"sceneViewState":{"showFog":true,"showMaterialUpdate":true,"showSkybox":true,"showFlares":true,"showImageEffects":true,"showParticleSystems":true},"in2DMode":false,"pivot":{"x":9.226273536682129,"y":26.009769439697267,"z":-0.05533599853515625},"rotation":{"x":0.00419013574719429,"y":-0.00840327050536871,"z":-0.00003521875987644307,"w":-0.9999632835388184},"size":88.52229309082031,"orthographic":false}