{"cameraMode":{"drawMode":0,"name":"Shaded","section":"Shading Mode"},"sceneLighting":true,"audioPlay":false,"sceneViewState":{"showFog":true,"showMaterialUpdate":false,"showSkybox":true,"showFlares":true,"showImageEffects":true,"showParticleSystems":true},"in2DMode":false,"pivot":{"x":1.9372049570083619,"y":1.658665418624878,"z":-9.220108032226563},"rotation":{"x":-0.07364469766616821,"y":0.051433417946100238,"z":-0.003803771687671542,"w":-0.995953381061554},"size":2.360255479812622,"orthographic":false}